[{"model": "categories.category", "pk": 1, "fields": {"title": "Comedy", "slug": "comedy", "active": true, "timestamp": "2021-12-05T17:50:49.352Z", "updated": "2021-12-05T17:50:49.352Z"}}, {"model": "categories.category", "pk": 2, "fields": {"title": "Superhero", "slug": "superhero", "active": true, "timestamp": "2021-12-09T18:08:53.406Z", "updated": "2021-12-12T14:43:18.039Z"}}, {"model": "categories.category", "pk": 3, "fields": {"title": "Action", "slug": "action", "active": true, "timestamp": "2021-12-09T18:09:13.123Z", "updated": "2021-12-12T14:43:45.537Z"}}, {"model": "categories.category", "pk": 4, "fields": {"title": "Drama", "slug": "drama", "active": true, "timestamp": "2021-12-12T15:18:15.322Z", "updated": "2021-12-12T15:18:15.322Z"}}, {"model": "playlists.playlist", "pk": 9, "fields": {"parent": null, "category": 1, "order": 1, "title": "The Office", "type": "TVS", "description": "This is \"The Office TV Show\"", "slug": "the-office", "video": 3, "active": true, "timestamp": "2021-12-04T21:25:14.049Z", "updated": "2021-12-12T19:31:09.033Z", "state": "PU", "publish_timestamp": "2021-12-05T11:09:44.420Z"}}, {"model": "playlists.playlist", "pk": 10, "fields": {"parent": 9, "category": 1, "order": 1, "title": "Season 1", "type": "SEA", "description": "", "slug": "season-1", "video": 1, "active": true, "timestamp": "2021-12-04T21:29:37.783Z", "updated": "2021-12-12T14:41:34.727Z", "state": "PU", "publish_timestamp": "2021-12-05T11:09:51Z"}}, {"model": "playlists.playlist", "pk": 11, "fields": {"parent": 9, "category": 1, "order": 2, "title": "Season 2", "type": "SEA", "description": "", "slug": "season-2", "video": null, "active": true, "timestamp": "2021-12-04T21:29:37.784Z", "updated": "2021-12-12T14:41:41.418Z", "state": "PU", "publish_timestamp": "2021-12-05T11:09:57Z"}}, {"model": "playlists.playlist", "pk": 12, "fields": {"parent": 9, "category": null, "order": 3, "title": "Season 3", "type": "SEA", "description": "", "slug": "season-3", "video": null, "active": true, "timestamp": "2021-12-05T11:11:15.748Z", "updated": "2021-12-11T21:21:02.433Z", "state": "PU", "publish_timestamp": "2021-12-11T21:21:02.433Z"}}, {"model": "playlists.playlist", "pk": 13, "fields": {"parent": 9, "category": null, "order": 4, "title": "Season 4", "type": "SEA", "description": null, "slug": null, "video": null, "active": true, "timestamp": "2021-12-05T12:06:27.749Z", "updated": "2021-12-05T12:06:27.749Z", "state": "DR", "publish_timestamp": null}}, {"model": "playlists.playlist", "pk": 14, "fields": {"parent": null, "category": 2, "order": 1, "title": "Justice League", "type": "MOV", "description": "DC's most loved movie", "slug": "justice-league", "video": 1, "active": true, "timestamp": "2021-12-09T18:09:24.027Z", "updated": "2021-12-12T18:25:19.444Z", "state": "PU", "publish_timestamp": "2021-12-09T18:28:55.952Z"}}, {"model": "playlists.playlist", "pk": 15, "fields": {"parent": null, "category": 3, "order": 1, "title": "Avengers", "type": "MOV", "description": "Marvel Universe's Most Loved Movie", "slug": "avengers", "video": 3, "active": true, "timestamp": "2021-12-09T18:10:03.139Z", "updated": "2021-12-12T19:36:11.266Z", "state": "PU", "publish_timestamp": "2021-12-09T18:29:06.645Z"}}, {"model": "playlists.playlist", "pk": 16, "fields": {"parent": null, "category": 1, "order": 1, "title": "F.R.I.E.N.D.S", "type": "TVS", "description": "I will be there for you!!!!", "slug": "friends", "video": null, "active": true, "timestamp": "2021-12-09T18:24:59.868Z", "updated": "2021-12-12T19:31:48.506Z", "state": "PU", "publish_timestamp": "2021-12-09T18:29:57.457Z"}}, {"model": "playlists.playlist", "pk": 17, "fields": {"parent": 16, "category": 1, "order": 1, "title": "Season 1", "type": "SEA", "description": "", "slug": "season-1", "video": null, "active": true, "timestamp": "2021-12-09T18:24:59.872Z", "updated": "2021-12-12T14:41:47.309Z", "state": "PU", "publish_timestamp": "2021-12-09T18:41:16Z"}}, {"model": "playlists.playlist", "pk": 18, "fields": {"parent": 16, "category": 1, "order": 2, "title": "Season 2", "type": "SEA", "description": "", "slug": "season-2", "video": null, "active": true, "timestamp": "2021-12-09T18:24:59.872Z", "updated": "2021-12-12T14:41:53.794Z", "state": "PU", "publish_timestamp": "2021-12-09T18:41:29Z"}}, {"model": "playlists.playlist", "pk": 19, "fields": {"parent": 16, "category": null, "order": 3, "title": "Season 3", "type": "SEA", "description": null, "slug": "season-3", "video": null, "active": true, "timestamp": "2021-12-09T18:24:59.872Z", "updated": "2021-12-09T18:41:29.398Z", "state": "PU", "publish_timestamp": "2021-12-09T18:41:29.398Z"}}, {"model": "playlists.playlist", "pk": 20, "fields": {"parent": null, "category": null, "order": 1, "title": "Featured PlayList 1", "type": "PLY", "description": "Featured PlayList", "slug": "featured-playlist-1", "video": null, "active": true, "timestamp": "2021-12-12T09:55:16.642Z", "updated": "2021-12-12T10:46:54.679Z", "state": "PU", "publish_timestamp": "2021-12-12T09:55:16Z"}}, {"model": "playlists.playlist", "pk": 21, "fields": {"parent": null, "category": null, "order": 1, "title": "TV Shows", "type": "PLY", "description": "TV shows included", "slug": "tv-shows", "video": null, "active": true, "timestamp": "2021-12-12T10:46:11.572Z", "updated": "2021-12-12T10:46:11.572Z", "state": "PU", "publish_timestamp": "2021-12-12T10:46:11.556Z"}}, {"model": "playlists.playlist", "pk": 22, "fields": {"parent": null, "category": null, "order": 1, "title": "Movies", "type": "PLY", "description": "Movies included", "slug": "movies", "video": null, "active": true, "timestamp": "2021-12-12T10:46:42.828Z", "updated": "2021-12-12T10:46:42.828Z", "state": "PU", "publish_timestamp": "2021-12-12T10:46:42.826Z"}}, {"model": "playlists.playlist", "pk": 23, "fields": {"parent": null, "category": 4, "order": 1, "title": "BOA vs PYTHON", "type": "MOV", "description": "Drama Movie", "slug": "boa-vs-python", "video": 4, "active": true, "timestamp": "2021-12-12T20:19:44.036Z", "updated": "2021-12-12T20:19:44.036Z", "state": "PU", "publish_timestamp": "2021-12-12T20:19:44.033Z"}}, {"model": "playlists.playlistitem", "pk": 8, "fields": {"playlist": 10, "video": 1, "order": 1, "timestamp": "2021-12-04T21:44:11.777Z"}}, {"model": "playlists.playlistitem", "pk": 9, "fields": {"playlist": 10, "video": 2, "order": 2, "timestamp": "2021-12-11T21:33:32.917Z"}}, {"model": "playlists.playlistitem", "pk": 10, "fields": {"playlist": 10, "video": 3, "order": 3, "timestamp": "2021-12-11T21:33:32.918Z"}}, {"model": "playlists.playlistitem", "pk": 11, "fields": {"playlist": 10, "video": 4, "order": 4, "timestamp": "2021-12-11T21:33:32.918Z"}}, {"model": "playlists.playlistrelated", "pk": 1, "fields": {"playlist": 20, "related": 9, "order": 1, "timestamp": "2021-12-12T10:25:58.263Z"}}, {"model": "playlists.playlistrelated", "pk": 2, "fields": {"playlist": 20, "related": 16, "order": 2, "timestamp": "2021-12-12T10:25:58.264Z"}}, {"model": "playlists.playlistrelated", "pk": 3, "fields": {"playlist": 20, "related": 15, "order": 3, "timestamp": "2021-12-12T10:25:58.265Z"}}, {"model": "playlists.playlistrelated", "pk": 4, "fields": {"playlist": 21, "related": 9, "order": 1, "timestamp": "2021-12-12T10:46:11.577Z"}}, {"model": "playlists.playlistrelated", "pk": 5, "fields": {"playlist": 21, "related": 16, "order": 2, "timestamp": "2021-12-12T10:46:11.578Z"}}, {"model": "playlists.playlistrelated", "pk": 6, "fields": {"playlist": 22, "related": 14, "order": 1, "timestamp": "2021-12-12T10:46:42.832Z"}}, {"model": "playlists.playlistrelated", "pk": 7, "fields": {"playlist": 22, "related": 15, "order": 2, "timestamp": "2021-12-12T10:46:42.833Z"}}, {"model": "playlists.playlistrelated", "pk": 8, "fields": {"playlist": 20, "related": 14, "order": 4, "timestamp": "2021-12-12T10:46:54.684Z"}}, {"model": "videos.video", "pk": 1, "fields": {"title": "Video 1", "description": "Random Text Change Here", "slug": null, "video_id": "asdfg", "active": true, "timestamp": "2021-11-12T21:18:00.547Z", "updated": "2021-12-11T19:34:33.671Z", "state": "PU", "publish_timestamp": "2021-11-12T19:08:33Z"}}, {"model": "videos.video", "pk": 2, "fields": {"title": "Video 2", "description": "Random Description", "slug": null, "video_id": "abc123", "active": true, "timestamp": "2021-11-13T11:38:54.550Z", "updated": "2021-12-11T19:46:32.134Z", "state": "PU", "publish_timestamp": "2021-12-11T19:46:30Z"}}, {"model": "videos.video", "pk": 3, "fields": {"title": "Video 3", "description": "Random Description", "slug": "video-3", "video_id": "MsocPEZBd-M", "active": true, "timestamp": "2021-11-13T11:39:15.041Z", "updated": "2021-12-11T21:17:17.751Z", "state": "PU", "publish_timestamp": "2021-12-11T21:17:17.749Z"}}, {"model": "videos.video", "pk": 4, "fields": {"title": "Video 4", "description": "Random Description", "slug": "video-4", "video_id": "ZtqBQ68cfJc", "active": true, "timestamp": "2021-11-13T11:39:36.277Z", "updated": "2021-12-11T21:17:22.170Z", "state": "PU", "publish_timestamp": "2021-12-11T21:17:22.170Z"}}, {"model": "tags.taggeditem", "pk": 1, "fields": {"tag": "Comedy", "content_type": 11, "object_id": 9}}, {"model": "tags.taggeditem", "pk": 2, "fields": {"tag": "SitCom", "content_type": 11, "object_id": 9}}, {"model": "tags.taggeditem", "pk": 3, "fields": {"tag": "TV-Show", "content_type": 11, "object_id": 9}}, {"model": "tags.taggeditem", "pk": 4, "fields": {"tag": "Comedy", "content_type": 11, "object_id": 16}}, {"model": "tags.taggeditem", "pk": 5, "fields": {"tag": "SitCom", "content_type": 11, "object_id": 16}}, {"model": "tags.taggeditem", "pk": 6, "fields": {"tag": "Action", "content_type": 11, "object_id": 14}}, {"model": "tags.taggeditem", "pk": 7, "fields": {"tag": "Superhero", "content_type": 11, "object_id": 14}}, {"model": "tags.taggeditem", "pk": 8, "fields": {"tag": "DC", "content_type": 11, "object_id": 14}}, {"model": "tags.taggeditem", "pk": 9, "fields": {"tag": "Action", "content_type": 11, "object_id": 15}}, {"model": "tags.taggeditem", "pk": 10, "fields": {"tag": "Superhero", "content_type": 11, "object_id": 15}}, {"model": "tags.taggeditem", "pk": 11, "fields": {"tag": "Marvel", "content_type": 11, "object_id": 15}}, {"model": "tags.taggeditem", "pk": 12, "fields": {"tag": "TV-Show", "content_type": 11, "object_id": 16}}]
